-- MySQL Script generated by MySQL Workbench
-- Fri May  6 01:44:53 2022
-- Model: New Model    Version: 1.0
-- MySQL Workbench Forward Engineering

SET @OLD_UNIQUE_CHECKS=@@UNIQUE_CHECKS, UNIQUE_CHECKS=0;
SET @OLD_FOREIGN_KEY_CHECKS=@@FOREIGN_KEY_CHECKS, FOREIGN_KEY_CHECKS=0;
SET @OLD_SQL_MODE=@@SQL_MODE, SQL_MODE='ONLY_FULL_GROUP_BY,STRICT_TRANS_TABLES,NO_ZERO_IN_DATE,NO_ZERO_DATE,ERROR_FOR_DIVISION_BY_ZERO,NO_ENGINE_SUBSTITUTION';

-- -----------------------------------------------------
-- Schema Education
-- -----------------------------------------------------

-- -----------------------------------------------------
-- Schema Education
-- -----------------------------------------------------
CREATE SCHEMA IF NOT EXISTS `Education` DEFAULT CHARACTER SET utf8 ;
USE `Education` ;

-- -----------------------------------------------------
-- Table `Education`.`University`
-- -----------------------------------------------------
CREATE TABLE IF NOT EXISTS `Education`.`University` (
  `UnivId` INT NOT NULL,
  `UnivName` VARCHAR(25) NULL,
  `Rating` INT NULL,
  `City` VARCHAR(25) NULL,
  PRIMARY KEY (`UnivId`))
ENGINE = InnoDB;


-- -----------------------------------------------------
-- Table `Education`.`Students`
-- -----------------------------------------------------
CREATE TABLE IF NOT EXISTS `Education`.`Students` (
  `StudentId` INT NOT NULL,
  `Surname` VARCHAR(25) NULL,
  `Name` VARCHAR(25) NULL,
  `Stipend` INT NULL,
  `Kurs` INT NULL,
  `City` VARCHAR(25) NULL,
  `Birthday` DATE NULL,
  `UnivId` INT NULL,
  PRIMARY KEY (`StudentId`),
  INDEX `Key1_idx` (`UnivId` ASC) VISIBLE,
  CONSTRAINT `Key1`
    FOREIGN KEY (`UnivId`)
    REFERENCES `Education`.`University` (`UnivId`)
    ON DELETE CASCADE
    ON UPDATE CASCADE)
ENGINE = InnoDB;


-- -----------------------------------------------------
-- Table `Education`.`Lecturer`
-- -----------------------------------------------------
CREATE TABLE IF NOT EXISTS `Education`.`Lecturer` (
  `LecturerId` INT NOT NULL,
  `Surname` VARCHAR(25) NULL,
  `Name` VARCHAR(25) NULL,
  `City` VARCHAR(25) NULL,
  `UnivId` INT NULL,
  PRIMARY KEY (`LecturerId`),
  INDEX `Key2_idx` (`UnivId` ASC) VISIBLE,
  CONSTRAINT `Key2`
    FOREIGN KEY (`UnivId`)
    REFERENCES `Education`.`University` (`UnivId`)
    ON DELETE CASCADE
    ON UPDATE CASCADE)
ENGINE = InnoDB;


-- -----------------------------------------------------
-- Table `Education`.`Subject`
-- -----------------------------------------------------
CREATE TABLE IF NOT EXISTS `Education`.`Subject` (
  `SubjId` INT NOT NULL,
  `SubjName` VARCHAR(25) NULL,
  `Hour` INT NULL,
  `Semester` INT NULL,
  PRIMARY KEY (`SubjId`))
ENGINE = InnoDB;


-- -----------------------------------------------------
-- Table `Education`.`ExamMarks`
-- -----------------------------------------------------
CREATE TABLE IF NOT EXISTS `Education`.`ExamMarks` (
  `ExamId` INT NOT NULL,
  `StudentId` INT NULL,
  `SubjId` INT NULL,
  `Mark` INT NULL,
  `ExamDate` DATE NULL,
  PRIMARY KEY (`ExamId`),
  INDEX `Key3_idx` (`SubjId` ASC) VISIBLE,
  INDEX `Key4_idx` (`StudentId` ASC) VISIBLE,
  CONSTRAINT `Key3`
    FOREIGN KEY (`SubjId`)
    REFERENCES `Education`.`Subject` (`SubjId`)
    ON DELETE CASCADE
    ON UPDATE CASCADE,
  CONSTRAINT `Key4`
    FOREIGN KEY (`StudentId`)
    REFERENCES `Education`.`Students` (`StudentId`)
    ON DELETE CASCADE
    ON UPDATE CASCADE)
ENGINE = InnoDB;


-- -----------------------------------------------------
-- Table `Education`.`SubjLect`
-- -----------------------------------------------------
CREATE TABLE IF NOT EXISTS `Education`.`SubjLect` (
  `LecturerId` INT NULL,
  `SubjId` INT NULL,
  INDEX `Key5_idx` (`LecturerId` ASC) VISIBLE,
  INDEX `Key6_idx` (`SubjId` ASC) VISIBLE,
  CONSTRAINT `Key5`
    FOREIGN KEY (`LecturerId`)
    REFERENCES `Education`.`Lecturer` (`LecturerId`)
    ON DELETE CASCADE
    ON UPDATE CASCADE,
  CONSTRAINT `Key6`
    FOREIGN KEY (`SubjId`)
    REFERENCES `Education`.`Subject` (`SubjId`)
    ON DELETE CASCADE
    ON UPDATE CASCADE)
ENGINE = InnoDB;


SET SQL_MODE=@OLD_SQL_MODE;
SET FOREIGN_KEY_CHECKS=@OLD_FOREIGN_KEY_CHECKS;
SET UNIQUE_CHECKS=@OLD_UNIQUE_CHECKS;

-- -----------------------------------------------------
-- Data for table `Education`.`University`
-- -----------------------------------------------------
START TRANSACTION;
USE `Education`;
INSERT INTO `Education`.`University` (`UnivId`, `UnivName`, `Rating`, `City`) VALUES (1, 'DSTU', 86, 'Rostov-on-Don');
INSERT INTO `Education`.`University` (`UnivId`, `UnivName`, `Rating`, `City`) VALUES (2, 'MSU', 93, 'Moscow');
INSERT INTO `Education`.`University` (`UnivId`, `UnivName`, `Rating`, `City`) VALUES (3, 'SSU', 91, 'Saint Petersburg');
INSERT INTO `Education`.`University` (`UnivId`, `UnivName`, `Rating`, `City`) VALUES (4, 'RKSI', 66, 'Rostov-on-Don');
INSERT INTO `Education`.`University` (`UnivId`, `UnivName`, `Rating`, `City`) VALUES (5, 'KSU', 78, 'Penza');

COMMIT;


-- -----------------------------------------------------
-- Data for table `Education`.`Students`
-- -----------------------------------------------------
START TRANSACTION;
USE `Education`;
INSERT INTO `Education`.`Students` (`StudentId`, `Surname`, `Name`, `Stipend`, `Kurs`, `City`, `Birthday`, `UnivId`) VALUES (1, 'Lvov', 'Oleg', 3000, 2, 'Moscow', '2002-02-10', 2);
INSERT INTO `Education`.`Students` (`StudentId`, `Surname`, `Name`, `Stipend`, `Kurs`, `City`, `Birthday`, `UnivId`) VALUES (2, 'Kudrya', 'Anna', 4300, 3, 'Rostov-on-Don', '2001-06-04', 1);
INSERT INTO `Education`.`Students` (`StudentId`, `Surname`, `Name`, `Stipend`, `Kurs`, `City`, `Birthday`, `UnivId`) VALUES (3, 'Volikov', 'Mikhail', 12000, 2, 'Rostov-on-Don', '2002-04-29', 1);
INSERT INTO `Education`.`Students` (`StudentId`, `Surname`, `Name`, `Stipend`, `Kurs`, `City`, `Birthday`, `UnivId`) VALUES (4, 'Chernoshtanov', 'Alexand', 600, 3, 'Cherkessk', '2001-07-13', 3);
INSERT INTO `Education`.`Students` (`StudentId`, `Surname`, `Name`, `Stipend`, `Kurs`, `City`, `Birthday`, `UnivId`) VALUES (5, 'Khaimina', 'Nikol', 1200, 3, 'Moscow', '2001-09-23', 4);
INSERT INTO `Education`.`Students` (`StudentId`, `Surname`, `Name`, `Stipend`, `Kurs`, `City`, `Birthday`, `UnivId`) VALUES (6, 'Zagainov', 'Semen', 1650, 2, 'Saint Petersburg', '2002-06-30', 5);

COMMIT;


-- -----------------------------------------------------
-- Data for table `Education`.`Lecturer`
-- -----------------------------------------------------
START TRANSACTION;
USE `Education`;
INSERT INTO `Education`.`Lecturer` (`LecturerId`, `Surname`, `Name`, `City`, `UnivId`) VALUES (1, 'Paniotova', 'Viktoriya', 'Rostov-on-Don', 1);
INSERT INTO `Education`.`Lecturer` (`LecturerId`, `Surname`, `Name`, `City`, `UnivId`) VALUES (2, 'Voskoboynikov', 'Sergey', 'Rostov-on-Don', 2);
INSERT INTO `Education`.`Lecturer` (`LecturerId`, `Surname`, `Name`, `City`, `UnivId`) VALUES (3, 'Yarovaya', 'Olga', 'Moscow', 3);
INSERT INTO `Education`.`Lecturer` (`LecturerId`, `Surname`, `Name`, `City`, `UnivId`) VALUES (4, 'Kalaida', 'Timophey', 'Saint Petersburg', 4);
INSERT INTO `Education`.`Lecturer` (`LecturerId`, `Surname`, `Name`, `City`, `UnivId`) VALUES (5, 'Jilyakov', 'Viktor', 'Penza', 5);

COMMIT;


-- -----------------------------------------------------
-- Data for table `Education`.`Subject`
-- -----------------------------------------------------
START TRANSACTION;
USE `Education`;
INSERT INTO `Education`.`Subject` (`SubjId`, `SubjName`, `Hour`, `Semester`) VALUES (1, 'History', 32, 1);
INSERT INTO `Education`.`Subject` (`SubjId`, `SubjName`, `Hour`, `Semester`) VALUES (2, 'Mathemathic', 48, 1);
INSERT INTO `Education`.`Subject` (`SubjId`, `SubjName`, `Hour`, `Semester`) VALUES (3, 'English', 12, 2);
INSERT INTO `Education`.`Subject` (`SubjId`, `SubjName`, `Hour`, `Semester`) VALUES (4, 'ArIS', 18, 2);
INSERT INTO `Education`.`Subject` (`SubjId`, `SubjName`, `Hour`, `Semester`) VALUES (5, 'Programming', 48, 3);

COMMIT;


-- -----------------------------------------------------
-- Data for table `Education`.`ExamMarks`
-- -----------------------------------------------------
START TRANSACTION;
USE `Education`;
INSERT INTO `Education`.`ExamMarks` (`ExamId`, `StudentId`, `SubjId`, `Mark`, `ExamDate`) VALUES (1, 1, 1, 4, '2021-06-21');
INSERT INTO `Education`.`ExamMarks` (`ExamId`, `StudentId`, `SubjId`, `Mark`, `ExamDate`) VALUES (2, 2, 1, 5, '2021-06-21');
INSERT INTO `Education`.`ExamMarks` (`ExamId`, `StudentId`, `SubjId`, `Mark`, `ExamDate`) VALUES (3, 3, 1, 3, '2021-06-21');
INSERT INTO `Education`.`ExamMarks` (`ExamId`, `StudentId`, `SubjId`, `Mark`, `ExamDate`) VALUES (4, 1, 2, 4, '2021-06-23');
INSERT INTO `Education`.`ExamMarks` (`ExamId`, `StudentId`, `SubjId`, `Mark`, `ExamDate`) VALUES (5, 2, 2, 5, '2021-06-23');

COMMIT;


-- -----------------------------------------------------
-- Data for table `Education`.`SubjLect`
-- -----------------------------------------------------
START TRANSACTION;
USE `Education`;
INSERT INTO `Education`.`SubjLect` (`LecturerId`, `SubjId`) VALUES (2, 1);
INSERT INTO `Education`.`SubjLect` (`LecturerId`, `SubjId`) VALUES (1, 2);
INSERT INTO `Education`.`SubjLect` (`LecturerId`, `SubjId`) VALUES (3, 3);
INSERT INTO `Education`.`SubjLect` (`LecturerId`, `SubjId`) VALUES (4, 4);
INSERT INTO `Education`.`SubjLect` (`LecturerId`, `SubjId`) VALUES (5, 5);

COMMIT;

